{
    "format": "sceneState",
    "scene": {
        "up": {
            "x": 0,
            "y": 0,
            "z": 1
        },
        "front": {
            "x": 0,
            "y": -1,
            "z": 0
        },
        "unit": 1,
        "assetSource": [
            "scannetv2"
        ],
        "object": [
            {
                "modelId": "scannetv2.scene0024_01",
                "index": 0,
                "parentIndex": -1,
                "transform": {
                    "rows": 4,
                    "cols": 4,
                    "data": [
                        -0.999848,
                        -0.017452499999999992,
                        -4.063152312448857e-19,
                        0,
                        0.017452499999999996,
                        -0.9998479999999997,
                        -1.110491021817603e-16,
                        0,
                        3.4694455919391962e-18,
                        -1.1102226844194285e-16,
                        0.9999999999999999,
                        0,
                        5.01727,
                        2.97947,
                        -0.07110889999999914,
                        1
                    ]
                }
            }
        ],
        "sceneId": "scannetv2.scene0024_01"
    },
    "selected": []
}